,VISIT_ID,TAG
0,2,자연
1,3,자연
2,4,익숙한 지역
3,5,
4,7,
5,8,새로운 지역
6,9,
7,11,
8,13,
9,14,
10,16,
11,19,
12,20,자연
13,22,자연
14,23,자연
15,24,
16,25,
17,26,
18,27,
19,28,
20,29,상황에 따른 여행
21,30,자연
22,31,
23,33,자연
24,35,
25,36,
26,37,
27,39,
28,41,
29,42,자연
30,44,자연
31,45,
32,47,
33,48,
34,49,상황에 따른 여행
35,50,
36,51,알려지지 않은 방문지
37,52,자연
38,53,자연
39,54,
40,55,
41,57,도시
42,62,자연
43,63,
44,65,도시
45,66,
46,67,새로운 지역
47,68,자연
48,69,
49,70,
50,71,
51,72,자연
52,73,
53,75,
54,76,새로운 지역
55,77,
56,78,
57,80,
58,81,자연
59,84,자연
60,87,새로운 지역
61,88,
62,90,
63,91,자연
64,93,
65,94,
66,95,
67,96,자연
68,98,자연
69,99,
70,100,
71,102,
72,104,
73,105,새로운 지역
74,106,자연
75,107,
76,108,
77,109,
78,110,
79,111,
80,112,새로운 지역
81,113,
82,114,
83,115,
84,117,자연
85,119,
86,120,자연
87,123,
88,124,자연
89,125,
90,126,
91,127,
92,128,
93,129,
94,130,
95,133,자연
96,134,
97,135,새로운 지역
98,136,
99,137,자연
100,139,자연
101,140,
102,141,자연
103,142,
104,143,자연
105,144,
106,145,
107,146,
108,147,
109,148,자연
110,149,
111,150,
112,152,
113,153,
114,154,
115,155,자연
116,156,자연
117,157,
118,158,
119,160,
120,161,
121,163,휴양/휴식
122,164,자연
123,166,
124,167,
125,169,
126,170,도시
127,172,새로운 지역
128,173,자연
129,174,
130,175,자연
131,176,자연
132,177,자연
133,178,
134,179,자연
135,180,자연
136,182,새로운 지역
137,183,새로운 지역
138,185,
139,187,자연
140,188,
141,189,
142,190,도시
143,192,자연
144,193,
145,194,
146,199,
147,200,
148,201,
149,202,
150,203,
151,204,
152,205,"새로운 지역, 자연"
153,208,
154,209,
155,211,
156,212,
157,213,
158,214,
159,215,자연
160,216,
161,217,
162,218,
163,219,
164,220,자연
165,221,자연
166,223,
167,224,
168,225,
169,228,자연
170,229,새로운 지역
171,230,
172,231,
173,232,
174,233,
175,236,새로운 지역
176,238,
177,239,
178,240,
179,241,
180,242,
181,243,자연
182,244,
183,245,
184,247,
185,248,사진촬영 중요
186,249,
187,250,
188,251,
189,252,
190,254,
191,255,자연
192,256,
193,258,
194,262,자연
195,263,자연
196,264,자연
197,265,
198,267,
199,268,
200,269,
201,270,새로운 지역
202,271,
203,272,
204,273,
205,274,자연
206,275,
207,276,자연
208,277,
209,278,
210,279,
211,280,자연
212,281,
213,282,
214,283,
215,284,자연
216,285,"새로운 지역, 자연"
217,286,자연
218,287,새로운 지역
219,288,자연
220,289,자연
221,290,
222,291,
223,293,
224,294,도시
225,295,
226,297,새로운 지역
227,298,
228,299,
229,300,자연
230,301,자연
231,302,
232,304,
233,305,"자연, 휴양/휴식"
234,306,
235,307,
236,310,자연
237,313,자연
238,314,새로운 지역
239,315,
240,316,
241,317,자연
242,318,
243,320,새로운 지역
244,321,
245,322,자연
246,323,새로운 지역
247,324,
248,325,
249,326,
250,327,도시
251,328,자연
252,329,"계획에 따른 여행, 도시"
253,332,자연
254,333,자연
255,334,자연
256,335,자연
257,336,새로운 지역
258,338,
259,340,
260,342,새로운 지역
261,343,
262,344,
263,346,
264,347,
265,348,익숙한 지역
266,349,자연
267,350,
268,352,
269,354,
270,355,자연
271,356,새로운 지역
272,358,자연
273,359,
274,360,
275,361,
276,362,자연
277,364,
278,365,
279,367,
280,368,
281,370,
282,371,
283,373,
284,374,
285,377,
286,378,
287,379,자연
288,380,
289,381,자연
290,383,도시
291,384,
292,385,자연
293,386,
294,387,자연
295,388,자연
296,390,도시
297,392,익숙한 지역
298,394,도시
299,395,
300,396,자연
301,397,"새로운 지역, 잘 알려지지 않은 방문지"
302,398,
303,401,
304,403,
305,404,새로운 지역
306,405,
307,407,
308,408,자연
309,409,
310,410,
311,412,자연
312,413,자연
313,415,
314,416,새로운 지역
315,417,새로운 지역
316,418,
317,419,자연
318,420,자연
319,421,
320,422,
321,425,자연
322,426,
323,427,
324,428,자연
325,429,
326,430,자연
327,432,자연
328,433,자연
329,434,
330,435,
331,436,자연
332,437,
333,440,새로운 지역
334,441,자연
335,442,
336,445,
337,448,자연
338,449,
339,450,
340,451,자연
341,452,
342,453,
343,455,휴양/휴식
344,456,
345,458,
346,459,
347,460,
348,461,
349,462,
350,463,새로운 지역
351,464,
352,466,도시
353,467,
354,470,
355,471,
356,472,자연
357,473,
358,475,자연
359,476,
360,477,
361,478,새로운 지역
362,480,자연
363,481,
364,482,
365,484,자연
366,485,
367,486,도시
368,487,
369,489,자연
370,490,
371,491,
372,492,새로운 지역
373,493,
374,495,
375,498,자연
376,499,휴양/휴식
377,500,
378,501,자연
379,502,자연
380,503,
381,504,
382,505,
383,506,
384,508,자연
385,509,
386,510,
387,513,
388,514,자연
389,515,자연
390,517,자연
391,520,자연
392,521,자연
393,522,자연
394,523,도시
395,524,
396,525,
397,526,
398,529,
399,530,
400,531,자연
401,532,"알려지지 않은 방문지, 자연"
402,533,
403,534,자연
404,535,자연
405,536,자연
406,537,
407,538,자연
408,540,자연
409,541,
410,543,
411,544,
412,545,
413,546,자연
414,547,사진촬영 중요
415,549,
416,550,자연
417,551,
418,553,
419,554,자연
420,555,
421,556,
422,558,
423,560,
424,561,계획에 따른 여행
425,562,새로운 지역
426,563,
427,564,도시
428,565,자연
429,567,
430,569,계획에 따른 여행
431,571,자연
432,572,
433,573,
434,575,
435,577,
436,578,
437,579,자연
438,580,"새로운 지역, 자연"
439,581,
440,583,
441,584,
442,588,도시
443,589,
444,590,
445,592,
446,594,
447,595,
448,596,
449,599,
450,600,새로운 지역
451,601,
452,602,
453,603,
454,604,
455,606,
456,607,
457,608,자연
458,610,
459,611,자연
460,612,
461,613,
462,614,자연
463,616,자연
464,617,자연
465,618,자연
466,620,
467,621,자연
468,622,
469,623,
470,624,새로운 지역
471,625,자연
472,627,자연
473,628,
474,629,
475,632,자연
476,633,자연
477,634,
478,635,
479,636,자연
480,637,자연
481,638,자연
482,640,
483,641,자연
484,642,자연
485,645,
486,646,
487,648,휴양/휴식
488,651,
489,652,자연
490,653,
491,654,
492,655,
493,656,자연
494,657,자연
495,658,자연
496,659,자연
497,660,
498,661,
499,662,
500,663,
501,664,
502,665,
503,666,
504,669,
505,670,
506,671,
507,672,
508,673,자연
509,675,자연
510,676,
511,677,
512,678,자연
513,679,도시
514,680,
515,682,
516,684,
517,685,
518,687,
519,689,자연
520,690,
521,692,
522,693,새로운 지역
523,694,자연
524,696,
525,697,
526,699,
527,700,
528,701,
529,702,
530,703,
531,704,
532,706,
533,709,
534,710,
535,712,도시
536,714,
537,716,자연
538,717,
539,718,
540,719,
541,720,새로운 지역
542,722,
543,724,자연
544,726,
545,727,자연
546,728,
547,729,
548,732,
549,733,자연
550,734,자연
551,735,
552,737,
553,738,자연
554,739,
555,741,자연
556,742,자연
557,744,
558,745,
559,746,
560,747,자연
561,750,
562,751,자연
563,752,
564,753,
565,754,
566,755,
567,757,
568,760,상황에 따른 여행
569,762,계획에 따른 여행
570,763,자연
571,764,계획에 따른 여행
572,765,새로운 지역
573,766,
574,767,자연
575,768,
576,769,
577,770,
578,771,
579,772,
580,773,
581,774,
582,775,
583,776,자연
584,777,
585,778,
586,779,
587,780,사진촬영 중요
588,781,
589,782,
590,784,
591,786,
592,787,도시
593,788,자연
594,789,
595,790,자연
596,791,
597,792,
598,793,새로운 지역
599,794,자연
600,797,
601,800,알려지지 않은 방문지
602,801,
603,802,
604,803,새로운 지역
605,805,상황에 따른 여행
606,806,새로운 지역
607,807,자연
608,808,새로운 지역
609,813,
610,814,
611,815,자연
612,816,체험활동
613,817,도시
614,819,
615,820,
616,822,익숙한 지역
617,823,자연
618,824,자연
619,825,
620,828,
621,829,자연
622,830,
623,831,
624,832,
625,833,
626,834,자연
627,837,
628,838,
629,839,
630,840,
631,841,자연
632,843,
633,844,자연
634,845,
635,846,새로운 지역
636,850,자연
637,851,
638,852,
639,853,휴양/휴식
640,855,도시
641,857,자연
642,858,
643,859,
644,860,
645,861,자연
646,862,
647,865,
648,866,
649,868,
650,870,도시
651,871,
652,872,
653,873,
654,874,
655,875,도시
656,876,자연
657,879,새로운 지역
658,881,
659,884,자연
660,886,
661,888,자연
662,890,도시
663,891,자연
664,892,
665,894,
666,895,
667,896,
668,897,
669,898,
670,899,
671,900,
672,903,
673,904,자연
674,905,알려지지 않은 방문지
675,906,자연
676,907,자연
677,908,자연
678,909,
679,912,
680,913,
681,914,
682,915,자연
683,917,자연
684,918,자연
685,920,자연
686,922,
687,924,새로운 지역
688,926,
689,928,
690,929,
691,930,
692,931,
693,933,
694,934,
695,935,자연
696,936,자연
697,938,
698,940,도시
699,943,
700,944,자연
701,945,자연
702,946,익숙한 지역
703,948,자연
704,951,자연
705,952,
706,954,
707,956,
708,957,새로운 지역
709,958,자연
710,960,
711,964,
712,965,새로운 지역
713,966,
714,967,
715,968,자연
716,969,
717,970,자연
718,972,
719,973,
720,974,새로운 지역
721,976,
722,979,
723,980,계획에 따른 여행
724,983,자연
725,984,새로운 지역
726,985,익숙한 지역
727,986,
728,987,자연
729,988,
730,990,자연
731,993,
732,994,
733,995,
734,996,자연
735,997,
736,998,
737,999,자연
738,1001,자연
739,1003,자연
740,1004,
741,1006,
742,1011,자연
743,1012,새로운 지역
744,1014,새로운 지역
745,1015,
746,1017,자연
747,1018,
748,1019,알려지지 않은 방문지
749,1020,새로운 지역
750,1021,알려지지 않은 방문지
751,1023,자연
752,1024,
753,1025,
754,1026,자연
755,1028,
756,1029,자연
757,1030,
758,1031,
759,1033,새로운 지역
760,1034,
761,1035,자연
762,1036,
763,1037,
764,1038,새로운 지역
765,1039,
766,1041,
767,1042,새로운 지역
768,1043,
769,1044,도시
770,1045,자연
771,1047,자연
772,1048,
773,1049,자연
774,1051,
775,1052,자연
776,1056,새로운 지역
777,1057,
778,1059,자연
779,1060,자연
780,1064,
781,1065,자연
782,1070,
783,1071,새로운 지역
784,1072,체험활동
785,1073,자연
786,1074,자연
787,1077,
788,1078,
789,1079,
790,1080,상황에 따른 여행
791,1081,
792,1082,
793,1083,
794,1084,
795,1085,
796,1086,
797,1088,새로운 지역
798,1089,도시
799,1090,
800,1091,도시
801,1092,자연
802,1093,
803,1094,
804,1096,자연
805,1097,자연
806,1100,
807,1102,
808,1104,
809,1105,자연
810,1106,
811,1107,자연
812,1110,
813,1111,
814,1113,자연
815,1115,
816,1116,
817,1118,
818,1119,새로운 지역
819,1120,
820,1121,
821,1122,새로운 지역
822,1124,
823,1125,새로운 지역
824,1126,자연
825,1127,새로운 지역
826,1128,"새로운 지역, 자연"
827,1130,자연
828,1131,자연
829,1132,자연
830,1133,자연
831,1137,
832,1138,도시
833,1140,
834,1141,새로운 지역
835,1142,
836,1143,
837,1144,
838,1145,
839,1147,자연
840,1148,자연
841,1149,
842,1150,
843,1152,자연
844,1153,자연
845,1154,
846,1155,
847,1156,
848,1157,
849,1158,자연
850,1161,
851,1162,도시
852,1163,
853,1164,
854,1165,
855,1166,
856,1167,
857,1168,
858,1169,
859,1170,
860,1172,
861,1173,
862,1175,새로운 지역
863,1176,휴양/휴식
864,1177,
865,1179,
866,1180,"상황에 따른 여행, 새로운 지역"
867,1183,자연
868,1184,
869,1185,도시
870,1186,자연
871,1189,
872,1191,도시
873,1194,
874,1195,자연
875,1196,
876,1198,
877,1199,
878,1201,새로운 지역
879,1202,
880,1203,휴양/휴식
881,1204,자연
882,1205,자연
883,1207,
884,1208,자연
885,1209,
886,1210,새로운 지역
887,1211,
888,1212,
889,1216,자연
890,1217,자연
891,1218,새로운 지역
892,1219,
893,1220,
894,1224,
895,1225,
896,1226,새로운 지역
897,1227,
898,1228,
899,1229,
900,1230,"도시, 자연"
901,1231,
902,1232,자연
903,1233,
904,1234,자연
905,1237,
906,1239,자연
907,1240,
908,1242,자연
909,1245,
910,1246,
911,1247,새로운 지역
912,1248,
913,1249,
914,1250,자연
915,1251,
916,1252,체험활동
917,1254,
918,1255,
919,1256,
920,1257,
921,1259,계획에 따른 여행
922,1260,
923,1261,자연
924,1262,
925,1263,
926,1264,자연
927,1265,
928,1266,
929,1267,"새로운 지역, 자연"
930,1268,
931,1271,
932,1272,
933,1273,
934,1274,도시
935,1275,새로운 지역
936,1276,새로운 지역
937,1277,자연
938,1278,
939,1279,자연
940,1280,
941,1281,
942,1282,
943,1284,
944,1285,자연
945,1286,
946,1287,
947,1290,
948,1291,
949,1292,새로운 지역
950,1293,
951,1294,
952,1296,
953,1297,
954,1298,자연
955,1299,
956,1300,
957,1301,
958,1302,자연
959,1305,
960,1306,
961,1307,도시
962,1308,자연
963,1309,
964,1310,
965,1311,
966,1313,
967,1314,자연
968,1315,도시
969,1316,자연
970,1317,
971,1318,자연
972,1319,새로운 지역
973,1320,새로운 지역
974,1321,자연
975,1322,
976,1324,
977,1325,
978,1327,자연
979,1328,자연
980,1329,
981,1330,
982,1331,자연
983,1332,자연
984,1333,자연
985,1334,
986,1335,자연
987,1337,자연
988,1339,자연
989,1340,
990,1342,자연
991,1344,
992,1345,
993,1347,자연
994,1348,잘 알려지지 않은 방문지
995,1350,
996,1351,
997,1353,
998,1354,
999,1355,
1000,1356,자연
1001,1357,
1002,1358,상황에 따른 여행
1003,1359,
1004,1360,
1005,1361,
1006,1362,새로운 지역
1007,1363,
1008,1365,
1009,1366,
1010,1368,자연
1011,1369,
1012,1371,
1013,1372,자연
1014,1373,
1015,1374,
1016,1375,도시
1017,1376,자연
1018,1377,
1019,1380,
1020,1383,
1021,1384,자연
1022,1386,휴양/휴식
1023,1387,자연
1024,1388,새로운 지역
1025,1390,새로운 지역
1026,1391,"새로운 지역, 자연"
1027,1395,
1028,1397,
1029,1398,
1030,1400,
1031,1403,
1032,1404,자연
1033,1405,
1034,1406,새로운 지역
1035,1407,새로운 지역
1036,1408,휴양/휴식
1037,1409,
1038,1411,
1039,1412,
1040,1413,
1041,1414,
1042,1416,
1043,1417,도시
1044,1419,자연
1045,1424,
1046,1427,새로운 지역
1047,1428,
1048,1430,자연
1049,1431,
1050,1433,
1051,1434,자연
1052,1435,자연
1053,1438,자연
1054,1439,
1055,1440,
1056,1441,
1057,1442,자연
1058,1443,
1059,1444,
1060,1445,
1061,1446,
1062,1447,
1063,1448,
1064,1449,
1065,1450,
1066,1451,
1067,1452,자연
1068,1453,
1069,1454,
1070,1455,새로운 지역
1071,1456,새로운 지역
1072,1457,
1073,1458,
1074,1460,새로운 지역
1075,1461,새로운 지역
1076,1462,
1077,1463,
1078,1466,
1079,1467,
1080,1468,
1081,1471,자연
1082,1472,자연
1083,1473,자연
1084,1474,자연
1085,1475,자연
1086,1476,새로운 지역
1087,1477,상황에 따른 여행
1088,1478,알려지지 않은 방문지
1089,1479,새로운 지역
1090,1480,계획에 따른 여행
1091,1481,
1092,1482,
1093,1483,
1094,1484,
1095,1487,"상황에 따른 여행, 새로운 지역"
1096,1488,
1097,1489,
1098,1490,
1099,1492,
1100,1493,
1101,1494,새로운 지역
1102,1495,
1103,1496,자연
1104,1497,자연
1105,1498,자연
1106,1499,
1107,1500,자연
1108,1501,
1109,1502,
1110,1503,도시
1111,1504,자연
1112,1506,도시
1113,1507,
1114,1508,"새로운 지역, 자연"
1115,1509,
1116,1510,자연
1117,1511,
1118,1512,자연
1119,1514,
1120,1516,
1121,1517,
1122,1520,
1123,1521,
1124,1522,자연
1125,1523,도시
1126,1525,자연
1127,1526,잘 알려지지 않은 방문지
1128,1527,
1129,1529,
1130,1531,
1131,1532,자연
1132,1533,
1133,1534,잘 알려지지 않은 방문지
1134,1535,자연
1135,1536,
1136,1537,
1137,1538,자연
1138,1540,
1139,1541,휴양/휴식
1140,1543,자연
1141,1545,
1142,1546,자연
1143,1547,
1144,1548,
1145,1549,
1146,1551,자연
1147,1552,자연
1148,1553,"새로운 지역, 자연"
1149,1557,자연
1150,1559,
1151,1560,
1152,1562,자연
1153,1566,자연
1154,1567,자연
1155,1568,
1156,1570,
1157,1572,
1158,1573,
1159,1574,
1160,1575,
1161,1576,새로운 지역
1162,1578,자연
1163,1580,
1164,1581,
1165,1582,
1166,1583,
1167,1584,자연
1168,1586,
1169,1587,
1170,1588,
1171,1589,
1172,1590,자연
1173,1591,자연
1174,1592,자연
1175,1593,자연
1176,1595,새로운 지역
1177,1596,
1178,1597,
1179,1598,
1180,1599,
1181,1601,
1182,1602,
1183,1603,알려지지 않은 방문지
1184,1605,새로운 지역
1185,1606,자연
1186,1607,
1187,1609,
1188,1610,
1189,1611,
1190,1612,
1191,1613,
1192,1614,
1193,1615,
1194,1616,
1195,1620,
1196,1621,자연
1197,1622,
1198,1623,자연
1199,1624,
1200,1625,
1201,1626,새로운 지역
1202,1628,
1203,1629,자연
1204,1631,
1205,1632,자연
1206,1633,
1207,1634,
1208,1635,새로운 지역
1209,1636,자연
1210,1637,자연
1211,1638,
1212,1639,자연
1213,1641,새로운 지역
1214,1642,
1215,1643,
1216,1644,
1217,1645,자연
1218,1646,
1219,1647,
1220,1648,자연
1221,1651,자연
1222,1653,
1223,1654,
1224,1657,
1225,1658,
1226,1660,
1227,1662,자연
1228,1663,도시
1229,1664,자연
1230,1665,새로운 지역
1231,1666,
1232,1668,
1233,1669,자연
1234,1670,
1235,1671,
1236,1672,자연
1237,1673,자연
1238,1674,
1239,1675,자연
1240,1677,도시
1241,1678,
1242,1679,
1243,1680,
1244,1681,
1245,1683,자연
1246,1684,
1247,1686,
1248,1687,
1249,1688,
1250,1689,
1251,1690,
1252,1691,"도시, 새로운 지역"
1253,1693,
1254,1695,자연
1255,1696,
1256,1697,
1257,1698,
1258,1699,새로운 지역
1259,1700,
1260,1701,자연
1261,1702,
1262,1704,
1263,1706,
1264,1707,
1265,1708,
1266,1709,자연
1267,1710,
1268,1712,
1269,1714,
1270,1715,
1271,1717,알려지지 않은 방문지
1272,1718,새로운 지역
1273,1719,자연
1274,1720,
1275,1721,
1276,1722,
1277,1723,
1278,1724,
1279,1725,
1280,1726,자연
1281,1727,자연
1282,1728,새로운 지역
1283,1729,
1284,1730,새로운 지역
1285,1731,
1286,1732,자연
1287,1733,
1288,1734,자연
1289,1735,
1290,1736,
1291,1737,새로운 지역
1292,1739,
1293,1740,
1294,1741,새로운 지역
1295,1742,
1296,1743,
1297,1745,자연
1298,1746,
1299,1748,자연
1300,1749,자연
1301,1750,자연
1302,1751,
1303,1752,
1304,1753,새로운 지역
1305,1754,자연
1306,1756,새로운 지역
1307,1758,
1308,1760,
1309,1761,휴양/휴식
1310,1762,
1311,1763,
1312,1767,자연
1313,1768,
1314,1769,
1315,1770,새로운 지역
1316,1771,
1317,1772,
1318,1773,자연
1319,1774,자연
1320,1775,새로운 지역
1321,1777,자연
1322,1778,
1323,1779,자연
1324,1780,
1325,1781,"도시, 새로운 지역"
1326,1783,
1327,1784,자연
1328,1785,
1329,1786,사진촬영 중요
1330,1787,
1331,1789,자연
1332,1790,
1333,1791,
1334,1793,
1335,1794,새로운 지역
1336,1795,
1337,1797,
1338,1798,
1339,1802,
1340,1803,휴양/휴식
1341,1805,
1342,1806,
1343,1807,
1344,1809,익숙한 지역
1345,1810,자연
1346,1811,
1347,1812,자연
1348,1813,
1349,1814,자연
1350,1815,
1351,1816,
1352,1817,새로운 지역
1353,1818,자연
1354,1821,
1355,1822,새로운 지역
1356,1823,자연
1357,1824,
1358,1825,자연
1359,1826,
1360,1828,
1361,1829,자연
1362,1830,자연
1363,1832,
1364,1833,
1365,1834,
1366,1835,
1367,1836,자연
1368,1838,
1369,1839,
1370,1840,자연
1371,1841,자연
1372,1844,새로운 지역
1373,1845,
1374,1846,도시
1375,1848,
1376,1849,계획에 따른 여행
1377,1850,새로운 지역
1378,1851,
1379,1852,
1380,1854,새로운 지역
1381,1855,
1382,1856,자연
1383,1858,새로운 지역
1384,1859,
1385,1860,자연
1386,1862,자연
1387,1863,
1388,1865,계획에 따른 여행
1389,1866,
1390,1867,새로운 지역
1391,1868,
1392,1869,새로운 지역
1393,1870,
1394,1871,
1395,1872,
1396,1873,새로운 지역
1397,1875,도시
1398,1876,익숙한 지역
1399,1877,자연
1400,1878,자연
1401,1879,자연
1402,1880,
1403,1881,
1404,1882,새로운 지역
1405,1883,
1406,1884,
1407,1885,
1408,1886,
1409,1887,휴양/휴식
1410,1888,새로운 지역
1411,1889,자연
1412,1890,
1413,1891,
1414,1892,
1415,1893,자연
1416,1895,사진촬영 중요
1417,1898,새로운 지역
1418,1899,자연
1419,1900,자연
1420,1902,자연
1421,1904,자연
1422,1906,
1423,1907,
1424,1909,
1425,1910,
1426,1911,자연
1427,1913,
1428,1914,
1429,1915,
1430,1916,
1431,1917,
1432,1918,
1433,1920,자연
1434,1922,
1435,1923,
1436,1924,자연
1437,1925,
1438,1926,
1439,1927,상황에 따른 여행
1440,1928,자연
1441,1929,새로운 지역
1442,1930,자연
1443,1931,
1444,1932,
1445,1933,자연
1446,1935,
1447,1936,
1448,1938,사진촬영 중요하지 않음
1449,1939,
1450,1940,
1451,1941,도시
1452,1943,자연
1453,1944,자연
1454,1945,새로운 지역
1455,1949,
1456,1950,
1457,1951,
1458,1952,
1459,1956,자연
1460,1957,도시
1461,1958,새로운 지역
1462,1959,
1463,1960,
1464,1961,새로운 지역
1465,1963,
1466,1964,새로운 지역
1467,1965,새로운 지역
1468,1966,
1469,1968,
1470,1972,
1471,1973,
1472,1974,
1473,1975,
1474,1976,
1475,1977,
1476,1978,새로운 지역
1477,1980,
1478,1981,자연
1479,1982,휴양/휴식
1480,1983,잘 알려지지 않은 방문지
1481,1985,
1482,1986,
1483,1987,자연
1484,1988,
1485,1989,
1486,1990,새로운 지역
1487,1991,
1488,1992,자연
1489,1993,
1490,1994,
1491,1996,
1492,1997,휴양/휴식
1493,1998,
1494,1999,
1495,2000,자연
1496,2002,새로운 지역
1497,2005,도시
1498,2006,
1499,2007,
1500,2009,자연
1501,2010,
1502,2011,
1503,2012,새로운 지역
1504,2014,
1505,2015,
1506,2016,자연
1507,2017,
1508,2019,
1509,2020,
1510,2021,
1511,2022,새로운 지역
1512,2023,"도시, 새로운 지역"
1513,2024,자연
1514,2026,
1515,2027,
1516,2029,
1517,2032,
1518,2033,
1519,2034,
1520,2039,
1521,2040,
1522,2041,자연
1523,2042,
1524,2043,
1525,2044,
1526,2045,
1527,2046,
1528,2048,
1529,2049,
1530,2050,
1531,2051,
1532,2053,
1533,2054,
1534,2055,
1535,2057,
1536,2058,
1537,2059,자연
1538,2061,
1539,2062,새로운 지역
1540,2064,자연
1541,2065,새로운 지역
1542,2066,
1543,2068,
1544,2072,자연
1545,2074,
1546,2075,
1547,2077,
1548,2078,도시
1549,2079,
1550,2080,
1551,2081,
1552,2082,"새로운 지역, 휴양/휴식"
1553,2084,자연
1554,2088,
1555,2089,자연
1556,2090,
1557,2094,자연
1558,2098,자연
1559,2099,
1560,2100,
1561,2101,
1562,2102,상황에 따른 여행
1563,2103,
1564,2105,
1565,2106,자연
1566,2108,새로운 지역
1567,2109,
1568,2110,자연
1569,2111,
1570,2112,
1571,2113,자연
1572,2114,
1573,2115,자연
1574,2116,
1575,2117,
1576,2119,자연
1577,2120,
1578,2121,
1579,2122,
1580,2123,자연
1581,2124,자연
1582,2125,
1583,2128,
1584,2130,
1585,2131,익숙한 지역
1586,2132,
1587,2133,새로운 지역
1588,2137,
1589,2138,자연
1590,2139,
1591,2141,
1592,2142,
1593,2143,
1594,2145,자연
1595,2146,"도시, 자연"
1596,2147,
1597,2150,
1598,2151,
1599,2153,자연
1600,2154,
1601,2155,자연
1602,2156,
1603,2157,
1604,2158,
1605,2159,
1606,2160,
1607,2161,
1608,2162,
1609,2163,
1610,2164,
1611,2165,
1612,2167,
1613,2168,
1614,2169,
1615,2170,
1616,2175,자연
1617,2176,휴양/휴식
1618,2177,
1619,2178,자연
1620,2179,자연
1621,2180,자연
1622,2181,자연
1623,2182,새로운 지역
1624,2183,
1625,2184,자연
1626,2186,
1627,2187,
1628,2188,자연
1629,2189,자연
1630,2190,
1631,2191,계획에 따른 여행
1632,2192,
1633,2193,자연
1634,2194,자연
1635,2195,자연
1636,2197,
1637,2198,
1638,2199,
1639,2200,도시
1640,2201,
1641,2202,자연
1642,2204,
1643,2205,
1644,2207,
1645,2210,
1646,2211,
1647,2212,
1648,2213,자연
1649,2214,새로운 지역
1650,2216,자연
1651,2217,
1652,2218,자연
1653,2221,자연
1654,2222,
1655,2223,새로운 지역
1656,2224,
1657,2225,새로운 지역
1658,2226,자연
1659,2227,
1660,2228,자연
1661,2229,
1662,2230,자연
1663,2231,
1664,2232,새로운 지역
1665,2233,
1666,2235,
1667,2236,
1668,2238,
1669,2239,
1670,2240,
1671,2241,도시
1672,2242,자연
1673,2243,
1674,2244,
1675,2245,
1676,2246,
1677,2248,
1678,2251,
1679,2252,자연
1680,2253,
1681,2255,자연
1682,2256,"도시, 자연"
1683,2257,
1684,2258,도시
1685,2259,자연
1686,2261,체험활동
1687,2262,
1688,2263,
1689,2264,
1690,2266,
1691,2268,
1692,2269,
1693,2270,
1694,2271,
1695,2272,새로운 지역
1696,2273,자연
1697,2275,자연
1698,2276,
1699,2277,자연
1700,2278,
1701,2279,자연
1702,2280,
1703,2281,
1704,2284,
1705,2285,새로운 지역
1706,2286,
1707,2288,
1708,2290,자연
1709,2291,
1710,2293,
1711,2294,
1712,2295,
1713,2297,
1714,2300,
1715,2303,자연
1716,2304,
1717,2306,
1718,2307,
1719,2308,
1720,2309,자연
1721,2311,
1722,2312,
1723,2313,자연
1724,2314,자연
1725,2315,자연
1726,2317,
1727,2318,
1728,2319,
1729,2320,자연
1730,2321,도시
1731,2322,
1732,2323,체험활동
1733,2324,휴양/휴식
1734,2325,새로운 지역
1735,2326,
1736,2327,자연
1737,2328,도시
1738,2329,자연
1739,2332,
1740,2333,자연
1741,2334,
1742,2335,
1743,2339,자연
1744,2340,
1745,2344,
1746,2346,자연
1747,2347,새로운 지역
1748,2348,새로운 지역
1749,2349,사진촬영 중요
1750,2350,
1751,2351,새로운 지역
1752,2352,
1753,2353,
1754,2354,
1755,2356,자연
1756,2358,
1757,2360,
1758,2362,
1759,2363,자연
1760,2365,새로운 지역
1761,2366,
1762,2367,
1763,2369,
1764,2370,
1765,2372,
1766,2374,
1767,2375,자연
1768,2376,
1769,2377,자연
1770,2378,
1771,2380,
1772,2382,
1773,2383,
1774,2384,
1775,2385,자연
1776,2386,자연
1777,2387,
1778,2388,
1779,2390,
1780,2393,
1781,2394,
1782,2395,
1783,2396,
1784,2398,
1785,2399,
1786,2400,
1787,2401,새로운 지역
1788,2402,
1789,2403,도시
1790,2404,
1791,2405,
1792,2407,휴양/휴식
1793,2409,새로운 지역
1794,2410,"도시, 새로운 지역"
1795,2411,자연
1796,2413,자연
1797,2416,자연
1798,2418,
1799,2419,도시
1800,2420,
1801,2421,새로운 지역
1802,2422,새로운 지역
1803,2423,
1804,2424,자연
1805,2426,
1806,2427,새로운 지역
1807,2428,
1808,2431,
1809,2433,잘 알려지지 않은 방문지
1810,2434,
1811,2435,
1812,2436,"자연, 체험활동"
1813,2437,자연
1814,2438,도시
1815,2440,
1816,2442,
1817,2444,
1818,2445,자연
1819,2446,
1820,2449,
1821,2450,
1822,2451,
1823,2452,
1824,2453,
1825,2454,
1826,2458,
1827,2459,
1828,2460,
1829,2461,
1830,2462,자연
1831,2464,
1832,2465,
1833,2467,새로운 지역
1834,2468,
1835,2469,
1836,2470,
1837,2472,도시
1838,2476,
1839,2477,사진촬영 중요
1840,2478,
1841,2479,
1842,2481,자연
1843,2483,
1844,2484,자연
1845,2485,
1846,2488,자연
1847,2489,자연
1848,2490,자연
1849,2491,
1850,2493,도시
1851,2494,
1852,2495,자연
1853,2496,자연
1854,2497,자연
1855,2498,자연
1856,2499,
1857,2500,
1858,2501,
1859,2502,새로운 지역
1860,2503,
1861,2507,도시
1862,2508,
1863,2509,알려지지 않은 방문지
1864,2510,상황에 따른 여행
1865,2511,
1866,2512,
1867,2513,자연
1868,2514,자연
1869,2515,자연
1870,2516,자연
1871,2517,자연
1872,2518,
1873,2520,
1874,2522,
1875,2524,도시
1876,2525,
1877,2529,자연
1878,2530,
1879,2535,
1880,2536,
1881,2537,
1882,2540,자연
1883,2541,자연
1884,2543,도시
1885,2545,
1886,2546,
1887,2547,
1888,2548,
1889,2549,
1890,2550,상황에 따른 여행
1891,2551,자연
1892,2552,도시
1893,2553,
1894,2554,
1895,2555,
1896,2556,
1897,2557,
1898,2558,
1899,2559,
1900,2560,
1901,2561,자연
1902,2563,자연
1903,2564,
1904,2565,
1905,2566,
1906,2567,새로운 지역
1907,2568,
1908,2570,
1909,2571,
1910,2572,자연
1911,2573,
1912,2575,
1913,2576,
1914,2578,
1915,2579,
1916,2580,
1917,2581,휴양/휴식
1918,2582,자연
1919,2583,
1920,2584,
1921,2585,
1922,2586,
1923,2587,익숙한 지역
1924,2588,새로운 지역
1925,2590,
1926,2591,
1927,2592,사진촬영 중요
1928,2593,
1929,2594,
1930,2595,새로운 지역
1931,2596,
1932,2599,잘 알려지지 않은 방문지
1933,2600,휴양/휴식
1934,2601,
1935,2602,자연
1936,2603,
1937,2604,
1938,2605,
1939,2606,자연
1940,2607,새로운 지역
1941,2608,
1942,2609,자연
1943,2610,
1944,2611,새로운 지역
1945,2613,
1946,2614,
1947,2615,
1948,2616,
1949,2617,
1950,2618,자연
1951,2619,
1952,2620,자연
1953,2623,
1954,2624,
1955,2625,자연
1956,2626,
1957,2627,
1958,2629,
1959,2630,
1960,2631,
1961,2632,
1962,2634,
1963,2636,
1964,2637,상황에 따른 여행
1965,2638,
1966,2639,
1967,2640,새로운 지역
1968,2641,
1969,2642,익숙한 지역
1970,2644,
1971,2645,자연
1972,2648,
1973,2649,자연
1974,2651,자연
1975,2653,
1976,2654,자연
1977,2656,
1978,2657,
1979,2658,익숙한 지역
1980,2659,새로운 지역
1981,2660,자연
1982,2661,
1983,2663,
1984,2664,자연
1985,2665,상황에 따른 여행
1986,2669,새로운 지역
1987,2670,
1988,2672,새로운 지역
1989,2673,
1990,2678,새로운 지역
1991,2679,익숙한 지역
1992,2680,자연
1993,2681,자연
1994,2682,
1995,2683,
1996,2684,
1997,2685,
1998,2687,
1999,2688,
2000,2691,
2001,2696,
2002,2697,
2003,2698,
2004,2699,
2005,2701,
2006,2702,
2007,2703,
2008,2704,자연
2009,2705,체험활동
2010,2706,자연
2011,2707,
2012,2708,자연
2013,2709,
2014,2710,
2015,2711,
2016,2712,
2017,2713,도시
2018,2714,
2019,2715,도시
2020,2716,
2021,2717,
2022,2718,자연
2023,2719,
2024,2720,
2025,2721,
2026,2722,
2027,2723,
2028,2724,
2029,2725,
2030,2726,도시
2031,2729,
2032,2730,
2033,2731,
2034,2732,
2035,2733,새로운 지역
2036,2734,자연
2037,2735,
2038,2737,새로운 지역
2039,2738,
2040,2739,
2041,2740,
2042,2742,
2043,2743,
2044,2744,자연
2045,2745,"상황에 따른 여행, 자연"
2046,2746,새로운 지역
2047,2747,자연
2048,2748,자연
2049,2750,
2050,2752,
2051,2753,새로운 지역
2052,2754,
2053,2755,자연
2054,2756,
2055,2758,자연
2056,2759,자연
2057,2761,자연
2058,2762,
2059,2763,
2060,2764,
2061,2766,
2062,2767,
2063,2768,자연
2064,2770,
2065,2771,
2066,2772,자연
2067,2773,자연
2068,2774,
2069,2775,자연
2070,2776,새로운 지역
2071,2777,
2072,2778,
2073,2780,자연
2074,2781,자연
2075,2782,
2076,2783,
2077,2787,
2078,2788,자연
2079,2789,알려지지 않은 방문지
2080,2791,자연
2081,2792,"도시, 자연"
2082,2793,도시
2083,2794,자연
2084,2795,도시
2085,2796,
2086,2797,
2087,2801,
2088,2802,
2089,2803,
2090,2804,도시
2091,2805,
2092,2806,
2093,2807,
2094,2808,
2095,2810,
2096,2814,새로운 지역
2097,2817,
2098,2823,
2099,2824,자연
2100,2825,
2101,2826,새로운 지역
2102,2830,자연
2103,2831,
2104,2832,
2105,2833,
2106,2835,
2107,2836,도시
2108,2837,
2109,2838,
2110,2839,새로운 지역
2111,2840,
2112,2841,
2113,2842,
2114,2844,익숙한 지역
2115,2845,
2116,2846,
2117,2847,자연
2118,2848,
2119,2849,체험활동
2120,2852,
2121,2853,
2122,2855,자연
2123,2857,새로운 지역
2124,2858,
2125,2859,자연
2126,2860,새로운 지역
2127,2861,새로운 지역
2128,2862,
2129,2863,자연
2130,2864,
2131,2865,
2132,2866,익숙한 지역
2133,2867,
2134,2868,
2135,2869,자연
2136,2871,
2137,2872,
2138,2873,
2139,2874,
2140,2876,자연
2141,2877,
2142,2879,
2143,2881,자연
2144,2882,
2145,2883,
2146,2885,자연
2147,2886,
2148,2888,
2149,2889,
2150,2891,
2151,2892,
2152,2894,
2153,2895,
2154,2896,
2155,2897,새로운 지역
2156,2898,자연
2157,2899,
2158,2904,자연
2159,2905,
2160,2909,익숙한 지역
2161,2910,새로운 지역
2162,2911,
2163,2913,자연
2164,2914,
2165,2916,새로운 지역
2166,2919,
2167,2922,
2168,2924,"계획에 따른 여행, 새로운 지역"
2169,2926,
2170,2927,
2171,2929,
2172,2930,
2173,2931,
2174,2932,
2175,2933,자연
2176,2934,자연
2177,2935,
2178,2936,새로운 지역
2179,2937,
2180,2938,
2181,2940,
2182,2941,
2183,2942,도시
2184,2944,
2185,2945,
2186,2946,
2187,2947,새로운 지역
2188,2948,새로운 지역
2189,2949,
2190,2950,
2191,2951,알려지지 않은 방문지
2192,2953,사진촬영 중요
2193,2954,자연
2194,2955,새로운 지역
2195,2956,휴양/휴식
2196,2957,자연
2197,2958,휴양/휴식
2198,2959,휴양/휴식
2199,2960,휴양/휴식
2200,2961,자연
2201,2962,휴양/휴식
2202,2963,
2203,2965,
2204,2966,자연
2205,2967,
2206,2971,자연
2207,2974,
2208,2976,
2209,2977,
2210,2978,
2211,2979,
2212,2980,
2213,2981,
2214,2982,새로운 지역
2215,2983,새로운 지역
2216,2984,
2217,2985,
2218,2986,
2219,2988,
2220,2990,
2221,2991,새로운 지역
2222,2992,
2223,2993,
2224,2994,도시
2225,2995,자연
2226,2996,자연
2227,2997,
2228,2998,자연
2229,2999,
2230,3000,
2231,3001,새로운 지역
2232,3002,자연
2233,3003,"상황에 따른 여행, 새로운 지역"
2234,3004,도시
2235,3005,계획에 따른 여행
2236,3006,휴양/휴식
2237,3007,
2238,3009,
2239,3010,
2240,3011,자연
2241,3012,
2242,3013,
2243,3015,
2244,3016,
2245,3017,
2246,3018,
2247,3019,
2248,3020,
2249,3022,
2250,3023,
2251,3024,자연
2252,3025,
2253,3026,
2254,3027,자연
2255,3029,
2256,3031,새로운 지역
2257,3032,자연
2258,3033,자연
2259,3034,
2260,3035,
2261,3036,
2262,3037,
2263,3038,자연
2264,3039,새로운 지역
2265,3040,
2266,3041,자연
2267,3043,새로운 지역
2268,3044,자연
2269,3045,
2270,3046,
2271,3047,새로운 지역
2272,3048,
2273,3049,체험활동
2274,3050,
2275,3051,
2276,3053,
2277,3054,
2278,3055,도시
2279,3057,
2280,3058,새로운 지역
2281,3060,자연
2282,3061,도시
2283,3062,
2284,3064,
2285,3065,
2286,3067,
2287,3068,새로운 지역
2288,3069,
2289,3070,새로운 지역
2290,3076,
2291,3077,
2292,3079,
2293,3080,
2294,3081,새로운 지역
2295,3082,
2296,3083,도시
2297,3084,
2298,3085,
2299,3086,자연
2300,3087,도시
2301,3088,자연
2302,3089,자연
2303,3092,자연
2304,3093,
2305,3094,자연
2306,3097,
2307,3098,사진촬영 중요
2308,3102,자연
2309,3103,상황에 따른 여행
2310,3105,
2311,3106,
2312,3107,도시
2313,3109,
2314,3111,
2315,3112,휴양/휴식
2316,3114,
2317,3115,
2318,3116,자연
2319,3118,자연
2320,3120,
2321,3121,"새로운 지역, 자연"
2322,3123,
2323,3124,새로운 지역
2324,3125,잘 알려지지 않은 방문지
2325,3126,도시
2326,3127,익숙한 지역
2327,3128,
2328,3129,
2329,3130,
2330,3132,
2331,3133,
2332,3136,
2333,3137,
2334,3138,
2335,3139,자연
2336,3143,
2337,3145,
2338,3146,자연
2339,3147,자연
2340,3148,
2341,3149,
2342,3150,자연
2343,3152,자연
2344,3156,
2345,3157,자연
2346,3158,
2347,3159,자연
2348,3160,
2349,3161,자연
2350,3162,
2351,3164,자연
2352,3165,
2353,3168,
2354,3169,도시
2355,3170,도시
2356,3173,상황에 따른 여행
2357,3176,
2358,3177,
2359,3178,
2360,3180,자연
2361,3181,
2362,3182,도시
2363,3183,자연
2364,3184,새로운 지역
2365,3187,
2366,3189,상황에 따른 여행
2367,3190,
2368,3191,
2369,3193,자연
2370,3194,휴양/휴식
2371,3195,
2372,3196,사진촬영 중요
2373,3197,
2374,3198,자연
2375,3199,
2376,3200,자연
2377,3202,휴양/휴식
2378,3203,
2379,3204,자연
2380,3205,자연
2381,3207,도시
2382,3208,
2383,3209,자연
2384,3210,자연
2385,3211,
2386,3212,
2387,3213,
2388,3216,새로운 지역
2389,3217,자연
2390,3218,
2391,3219,자연
2392,3220,
2393,3221,
2394,3223,자연
2395,3224,
2396,3225,새로운 지역
2397,3226,
2398,3228,
2399,3229,
2400,3230,
2401,3231,
2402,3232,자연
2403,3236,자연
2404,3238,
2405,3239,
2406,3241,자연
2407,3244,
2408,3245,
2409,3246,
2410,3247,
2411,3249,
2412,3250,자연
2413,3254,
2414,3256,
2415,3257,자연
2416,3258,자연
2417,3259,"도시, 새로운 지역"
2418,3260,도시
2419,3263,
2420,3264,
2421,3266,자연
2422,3267,자연
2423,3268,도시
2424,3269,
2425,3270,
2426,3271,
2427,3273,
2428,3274,
2429,3275,
2430,3276,자연
2431,3280,자연
2432,3281,새로운 지역
2433,3283,
2434,3284,
2435,3285,
2436,3286,도시
2437,3287,체험활동
2438,3288,
2439,3289,
2440,3290,자연
2441,3291,
2442,3292,
2443,3293,
2444,3294,새로운 지역
2445,3295,
2446,3296,자연
2447,3298,자연
2448,3299,
2449,3300,자연
2450,3301,
2451,3302,"새로운 지역, 자연"
2452,3304,자연
2453,3306,자연
2454,3308,
2455,3309,
2456,3310,
2457,3311,
2458,3314,"익숙한 지역, 자연"
2459,3315,자연
2460,3316,
2461,3317,
2462,3318,자연
2463,3320,
2464,3321,새로운 지역
2465,3322,
2466,3323,자연
2467,3324,자연
2468,3325,자연
2469,3326,도시
2470,3327,
2471,3328,
2472,3329,
2473,3330,
2474,3331,
2475,3332,도시
2476,3333,자연
2477,3334,
2478,3336,
2479,3337,새로운 지역
2480,3339,자연
2481,3340,
2482,3341,
2483,3342,
2484,3344,
2485,3345,자연
2486,3346,
2487,3348,자연
2488,3349,상황에 따른 여행
2489,3353,
2490,3354,
2491,3356,자연
2492,3357,자연
2493,3358,자연
2494,3360,
2495,3361,자연
2496,3362,
2497,3363,
2498,3364,
2499,3365,
2500,3366,
2501,3367,
2502,3368,
2503,3369,
2504,3370,
2505,3371,
2506,3374,
2507,3375,
2508,3376,
2509,3378,
2510,3379,
2511,3380,
2512,3382,
2513,3383,체험활동
2514,3384,
2515,3385,
2516,3388,
2517,3389,
2518,3390,자연
2519,3392,
2520,3393,
2521,3394,
2522,3395,자연
2523,3396,
2524,3398,"새로운 지역, 자연"
2525,3399,
2526,3400,
2527,3403,
2528,3405,체험활동
2529,3406,도시
2530,3408,자연
2531,3416,
2532,3417,자연
2533,3418,도시
2534,3419,자연
2535,3420,
2536,3421,
2537,3422,
2538,3423,
2539,3424,
2540,3425,
2541,3426,
2542,3427,
2543,3428,
2544,3429,
2545,3430,
2546,3431,
2547,3433,
2548,3434,
2549,3435,
2550,3437,
2551,3440,자연
2552,3446,자연
2553,3447,자연
2554,3448,
2555,3450,자연
2556,3452,
2557,3453,자연
2558,3454,
2559,3456,자연
2560,3457,
2561,3458,
2562,3459,
2563,3460,새로운 지역
2564,3461,
2565,3462,자연
2566,3463,
2567,3464,자연
2568,3465,자연
2569,3466,
2570,3467,자연
2571,3468,
2572,3469,새로운 지역
2573,3470,
2574,3471,
2575,3472,
2576,3473,자연
2577,3474,자연
2578,3475,
2579,3476,
2580,3477,
2581,3478,
2582,3479,
2583,3480,자연
2584,3481,
2585,3482,자연
2586,3483,자연
2587,3484,"새로운 지역, 자연"
2588,3485,자연
2589,3486,"새로운 지역, 체험활동"
2590,3487,새로운 지역
2591,3488,
2592,3490,
2593,3493,새로운 지역
2594,3495,
2595,3496,"익숙한 지역, 자연"
2596,3497,
2597,3498,자연
2598,3499,새로운 지역
2599,3500,자연
2600,3502,자연
2601,3503,
2602,3506,
2603,3508,
2604,3509,자연
2605,3510,
2606,3511,자연
2607,3513,자연
2608,3514,
2609,3515,
2610,3516,
2611,3517,휴양/휴식
2612,3518,새로운 지역
2613,3519,
2614,3521,
2615,3522,자연
2616,3523,
2617,3524,
2618,3525,
2619,3528,
2620,3529,
2621,3530,자연
2622,3532,
2623,3533,자연
2624,3534,자연
2625,3535,새로운 지역
2626,3536,
2627,3539,
2628,3540,
2629,3545,자연
2630,3546,
2631,3547,새로운 지역
2632,3548,새로운 지역
2633,3549,새로운 지역
2634,3550,
2635,3553,
2636,3556,
2637,3560,자연
2638,3561,새로운 지역
2639,3562,
2640,3563,
2641,3564,새로운 지역
2642,3565,
2643,3567,새로운 지역
2644,3568,
2645,3569,
2646,3570,새로운 지역
2647,3571,자연
2648,3572,익숙한 지역
2649,3573,자연
2650,3574,
2651,3577,자연
2652,3578,자연
2653,3579,
2654,3580,
2655,3582,
2656,3584,
2657,3585,자연
2658,3586,자연
2659,3587,
2660,3588,자연
2661,3589,
2662,3591,"새로운 지역, 체험활동"
2663,3592,자연
2664,3594,"도시, 사진촬영 중요하지 않음"
2665,3595,자연
2666,3597,
2667,3598,
2668,3599,
2669,3600,자연
2670,3601,
2671,3602,
2672,3603,
2673,3604,
2674,3606,
2675,3613,
2676,3614,사진촬영 중요
2677,3616,
2678,3617,자연
2679,3618,자연
2680,3619,자연
2681,3621,
2682,3625,
2683,3626,자연
2684,3627,자연
2685,3630,새로운 지역
2686,3631,자연
2687,3632,도시
2688,3633,
2689,3635,자연
2690,3636,
2691,3637,자연
2692,3638,자연
2693,3639,자연
2694,3640,
2695,3642,자연
2696,3643,자연
2697,3645,자연
2698,3646,
2699,3647,
2700,3648,
2701,3649,자연
2702,3650,
2703,3651,
2704,3652,
2705,3655,
2706,3657,
2707,3658,
2708,3659,자연
2709,3660,
2710,3661,
2711,3662,도시
2712,3663,
2713,3664,자연
2714,3665,
2715,3667,
2716,3669,자연
2717,3670,
2718,3671,
2719,3672,
2720,3674,자연
2721,3676,
2722,3677,계획에 따른 여행
2723,3679,익숙한 지역
2724,3681,
2725,3683,
2726,3684,
2727,3685,
2728,3687,
2729,3688,
2730,3689,자연
2731,3690,도시
2732,3692,계획에 따른 여행
